{"id":"72","resource":null,"name":"Apache\\u0020Mesos\\u0020(vm)","description":"Mesos provides efficient resource isolation and sharing across distributed applications, or frameworks. The software enables resource sharing in a fine-grained manner, improving cluster utilization.","version":"0.22","importVersion":"4.7","revisionId":0,"sourceTemplateId":0,"sourceTemplateName":null,"sourceAppId":0,"parentVersion":null,"executorBeanName":"NTierExecutor","owner":null,"hwProfile":null,"swProfile":null,"nodeInitSpec":null,"firewall":null,"migrationSpec":null,"upgradeSpec":null,"nodeReusable":true,"leafLevel":false,"interactiveApp":false,"defaultApp":false,"applicationType":"n-tier","templateType":"APPLICATION","statusDefId":0,"tags":"","nodeCombination":null,"imageName":null,"internalImageName":null,"helpLink":null,"numNodes":0,"dynamicScalable":false,"serviceName":null,"topologyParamText":null,"logoPath":"custom/assets/img/appLogo/641443c0-fdde-4eab-85e5-ed964c717a70.png","appTemplate":null,"templateDependencies":[],"appParamSpecs":[{"paramName":"cliqrWebappAccessLink","displayName":null,"helpText":null,"type":"string","valueList":null,"defaultValue":"","confirmValue":"","pathSuffixValue":"","userVisible":true,"userEditable":true,"systemParam":true,"exampleValue":null,"dataUnit":null,"optional":false,"deploymentParam":false,"multiselectSupported":false,"useDefault":true,"valueConstraint":null,"scope":null,"webserviceListParams":null,"secret":null,"tabularTypeData":null,"collectionList":[]},{"paramName":"cliqrExternalHttpsEnabled","displayName":null,"helpText":null,"type":"string","valueList":null,"defaultValue":"0","confirmValue":"0","pathSuffixValue":"","userVisible":true,"userEditable":true,"systemParam":true,"exampleValue":null,"dataUnit":null,"optional":false,"deploymentParam":false,"multiselectSupported":false,"useDefault":true,"valueConstraint":null,"scope":null,"webserviceListParams":null,"secret":null,"tabularTypeData":null,"collectionList":[]},{"paramName":"cliqrExternalHttpEnabled","displayName":null,"helpText":null,"type":"string","valueList":null,"defaultValue":"1","confirmValue":"1","pathSuffixValue":"","userVisible":true,"userEditable":true,"systemParam":true,"exampleValue":null,"dataUnit":null,"optional":false,"deploymentParam":false,"multiselectSupported":false,"useDefault":true,"valueConstraint":null,"scope":null,"webserviceListParams":null,"secret":null,"tabularTypeData":null,"collectionList":[]},{"paramName":"cliqrExternalNoProtocolEnabled","displayName":null,"helpText":null,"type":"string","valueList":null,"defaultValue":"0","confirmValue":"0","pathSuffixValue":"","userVisible":true,"userEditable":true,"systemParam":true,"exampleValue":null,"dataUnit":null,"optional":false,"deploymentParam":false,"multiselectSupported":false,"useDefault":true,"valueConstraint":null,"scope":null,"webserviceListParams":null,"secret":null,"tabularTypeData":null,"collectionList":[]},{"paramName":"cliqrForceHttpRedirect","displayName":null,"helpText":null,"type":"string","valueList":null,"defaultValue":"0","confirmValue":"0","pathSuffixValue":"","userVisible":true,"userEditable":true,"systemParam":true,"exampleValue":null,"dataUnit":null,"optional":false,"deploymentParam":false,"multiselectSupported":false,"useDefault":true,"valueConstraint":null,"scope":null,"webserviceListParams":null,"secret":null,"tabularTypeData":null,"collectionList":[]},{"paramName":"useNonStandardPort","displayName":null,"helpText":null,"type":"string","valueList":null,"defaultValue":"1","confirmValue":"1","pathSuffixValue":"","userVisible":true,"userEditable":true,"systemParam":true,"exampleValue":null,"dataUnit":null,"optional":false,"deploymentParam":false,"multiselectSupported":false,"useDefault":true,"valueConstraint":null,"scope":null,"webserviceListParams":null,"secret":null,"tabularTypeData":null,"collectionList":[]},{"paramName":"cliqrNonStandardPort","displayName":null,"helpText":null,"type":"string","valueList":null,"defaultValue":"5050","confirmValue":"5050","pathSuffixValue":"","userVisible":true,"userEditable":true,"systemParam":true,"exampleValue":null,"dataUnit":null,"optional":false,"deploymentParam":false,"multiselectSupported":false,"useDefault":true,"valueConstraint":null,"scope":null,"webserviceListParams":null,"secret":null,"tabularTypeData":null,"collectionList":[]},{"paramName":"appPackage","displayName":null,"helpText":null,"type":"path","valueList":null,"defaultValue":"%REPO_ID_1%apps/mesos/mesos_bundle_v2.zip","confirmValue":"%REPO_ID_1%apps/mesos/mesos_bundle_v2.zip","pathSuffixValue":"","userVisible":true,"userEditable":true,"systemParam":true,"exampleValue":null,"dataUnit":null,"optional":false,"deploymentParam":false,"multiselectSupported":false,"useDefault":true,"valueConstraint":null,"scope":null,"webserviceListParams":null,"secret":null,"tabularTypeData":null,"collectionList":[]},{"paramName":"microSegmentation","displayName":null,"helpText":null,"type":"string","valueList":null,"defaultValue":"1","confirmValue":"1","pathSuffixValue":"","userVisible":true,"userEditable":true,"systemParam":true,"exampleValue":null,"dataUnit":null,"optional":false,"deploymentParam":false,"multiselectSupported":false,"useDefault":true,"valueConstraint":null,"scope":null,"webserviceListParams":null,"secret":null,"tabularTypeData":null,"collectionList":[]},{"paramName":"cliqrIgnoreAppFailure","displayName":"Ignore App Failure","helpText":"Ignore CliQr App Failure","type":"string","valueList":null,"defaultValue":"false","confirmValue":"false","pathSuffixValue":"","userVisible":false,"userEditable":false,"systemParam":false,"exampleValue":null,"dataUnit":null,"optional":false,"deploymentParam":false,"multiselectSupported":false,"useDefault":true,"valueConstraint":{"minValue":0,"maxValue":0,"maxLength":255,"regex":null,"allowSpaces":true,"sizeValue":0,"step":0,"calloutWorkflowName":null},"scope":null,"webserviceListParams":null,"secret":null,"tabularTypeData":null,"collectionList":[]},{"paramName":"clustername","displayName":"Cluster Name","helpText":"The name for the cluster","type":"string","valueList":null,"defaultValue":"cluster0","confirmValue":"cluster0","pathSuffixValue":"","userVisible":true,"userEditable":true,"systemParam":false,"exampleValue":null,"dataUnit":null,"optional":false,"deploymentParam":false,"multiselectSupported":false,"useDefault":true,"valueConstraint":{"minValue":0,"maxValue":0,"maxLength":255,"regex":null,"allowSpaces":true,"sizeValue":0,"step":0,"calloutWorkflowName":null},"scope":null,"webserviceListParams":null,"secret":null,"tabularTypeData":null,"collectionList":[]},{"paramName":"OSSVC_HOME","displayName":"Service directory","helpText":null,"type":null,"valueList":null,"defaultValue":"/usr/local/osmosix/service","confirmValue":"/usr/local/osmosix/service","pathSuffixValue":"","userVisible":false,"userEditable":false,"systemParam":true,"exampleValue":null,"dataUnit":null,"optional":false,"deploymentParam":false,"multiselectSupported":false,"useDefault":true,"valueConstraint":null,"scope":null,"webserviceListParams":null,"secret":null,"tabularTypeData":null,"collectionList":[]},{"paramName":"cliqrAppType","displayName":"Application Type","helpText":null,"type":null,"valueList":null,"defaultValue":"n-tier","confirmValue":"n-tier","pathSuffixValue":"","userVisible":false,"userEditable":false,"systemParam":true,"exampleValue":null,"dataUnit":null,"optional":false,"deploymentParam":false,"multiselectSupported":false,"useDefault":true,"valueConstraint":null,"scope":null,"webserviceListParams":null,"secret":null,"tabularTypeData":null,"collectionList":[]},{"paramName":"cliqrUseCustomCert","displayName":"Use my own SSL Certificate","helpText":null,"type":null,"valueList":null,"defaultValue":"0","confirmValue":"0","pathSuffixValue":"","userVisible":false,"userEditable":false,"systemParam":true,"exampleValue":null,"dataUnit":null,"optional":false,"deploymentParam":false,"multiselectSupported":false,"useDefault":true,"valueConstraint":null,"scope":null,"webserviceListParams":null,"secret":null,"tabularTypeData":null,"collectionList":[]},{"paramName":"cliqrSSLCert","displayName":"SSL Certificate location","helpText":null,"type":null,"valueList":null,"defaultValue":"","confirmValue":"","pathSuffixValue":"","userVisible":false,"userEditable":false,"systemParam":true,"exampleValue":null,"dataUnit":null,"optional":false,"deploymentParam":false,"multiselectSupported":false,"useDefault":true,"valueConstraint":null,"scope":null,"webserviceListParams":null,"secret":null,"tabularTypeData":null,"collectionList":[]},{"paramName":"cliqrSSLKey","displayName":"SSL Key location","helpText":null,"type":null,"valueList":null,"defaultValue":"","confirmValue":"","pathSuffixValue":"","userVisible":false,"userEditable":false,"systemParam":true,"exampleValue":null,"dataUnit":null,"optional":false,"deploymentParam":false,"multiselectSupported":false,"useDefault":true,"valueConstraint":null,"scope":null,"webserviceListParams":null,"secret":null,"tabularTypeData":null,"collectionList":[]}],"envvarSpecs":[],"agentTasks":[],"childAppTemplates":[{"id":"73","resource":null,"name":"CentOS_LoadBalancer","description":null,"version":"1.0","importVersion":"4.7","revisionId":0,"sourceTemplateId":0,"sourceTemplateName":null,"sourceAppId":0,"parentVersion":null,"executorBeanName":"ChildTierAppExecutor","owner":null,"hwProfile":{"memorySize":1024,"numOfCPUs":1,"networkSpeed":null,"numOfNICs":1,"cpuUnit":"VIRTUAL_CPU","localStorageCount":0,"localStorageSize":0,"cudaSupport":false,"ssdSupport":false,"supportHardwareProvision":false},"swProfile":{"osName":"Linux","support32Bit":false,"support64Bit":true,"support32On64":false},"nodeInitSpec":{"depPkgs":"","initScript":"%PACKAGE_DIR%patch_mesos.sh","cleanupScript":"","licServer":null,"licPort":0,"sudoCmdList":"ALL"},"firewall":{"name":"cliqr-firewall-7806A3FEF8F1F97D66B947D717AC63B6","description":"Cliqr user firewall","rules":[{"protocol":"tcp","fromPort":80,"toPort":80,"sourceIPRanges":["0.0.0.0/0"],"sourceGroups":[]},{"protocol":"tcp","fromPort":2181,"toPort":2181,"sourceIPRanges":["0.0.0.0/0"],"sourceGroups":[]},{"protocol":"tcp","fromPort":2888,"toPort":2888,"sourceIPRanges":["0.0.0.0/0"],"sourceGroups":[]},{"protocol":"tcp","fromPort":3888,"toPort":3888,"sourceIPRanges":["0.0.0.0/0"],"sourceGroups":[]},{"protocol":"tcp","fromPort":5050,"toPort":5051,"sourceIPRanges":["0.0.0.0/0"],"sourceGroups":[]},{"protocol":"tcp","fromPort":8080,"toPort":8080,"sourceIPRanges":["0.0.0.0/0"],"sourceGroups":[]}]},"migrationSpec":{"backupScript":"","restoreScript":"","backupLocation":"","preMigrateScript":"","postMigrateScript":""},"upgradeSpec":{"upgradeScript":"","rollbackScript":"","preUpgradeScript":"","postUpgradeScript":"","start":false,"stop":false},"nodeReusable":true,"leafLevel":true,"interactiveApp":false,"defaultApp":true,"applicationType":"defaultApp","templateType":"APPLICATION","statusDefId":0,"tags":"","nodeCombination":null,"imageName":"CentOS 6.x","internalImageName":"CloudWorker-CentOS6.x","helpLink":null,"numNodes":0,"dynamicScalable":false,"serviceName":"CentOS","topologyParamText":"{\"x\":\"40\",\"y\":\"40\"}","logoPath":null,"appTemplate":null,"templateDependencies":["SlaveNodes"],"appParamSpecs":[{"paramName":"cliqrOsServiceType","displayName":null,"helpText":null,"type":"string","valueList":null,"defaultValue":"CentOS","confirmValue":"CentOS","pathSuffixValue":"","userVisible":false,"userEditable":false,"systemParam":true,"exampleValue":null,"dataUnit":null,"optional":false,"deploymentParam":false,"multiselectSupported":false,"useDefault":true,"valueConstraint":null,"scope":null,"webserviceListParams":null,"secret":null,"tabularTypeData":null,"collectionList":[]},{"paramName":"tierOrder","displayName":null,"helpText":null,"type":"integer","valueList":null,"defaultValue":"1","confirmValue":"1","pathSuffixValue":"","userVisible":false,"userEditable":false,"systemParam":true,"exampleValue":null,"dataUnit":null,"optional":false,"deploymentParam":false,"multiselectSupported":false,"useDefault":true,"valueConstraint":null,"scope":null,"webserviceListParams":null,"secret":null,"tabularTypeData":null,"collectionList":[]},{"paramName":"minClusterSize","displayName":"Minimum number of nodes","helpText":null,"type":"number","valueList":null,"defaultValue":"1","confirmValue":"1","pathSuffixValue":"","userVisible":true,"userEditable":true,"systemParam":true,"exampleValue":null,"dataUnit":null,"optional":false,"deploymentParam":false,"multiselectSupported":false,"useDefault":true,"valueConstraint":{"minValue":1,"maxValue":2000000000,"maxLength":0,"regex":null,"allowSpaces":false,"sizeValue":0,"step":0,"calloutWorkflowName":null},"scope":null,"webserviceListParams":null,"secret":null,"tabularTypeData":null,"collectionList":[]},{"paramName":"maxClusterSize","displayName":"Maximum number of nodes","helpText":null,"type":"number","valueList":null,"defaultValue":"2","confirmValue":"2","pathSuffixValue":"","userVisible":true,"userEditable":true,"systemParam":true,"exampleValue":null,"dataUnit":null,"optional":false,"deploymentParam":false,"multiselectSupported":false,"useDefault":true,"valueConstraint":{"minValue":1,"maxValue":2000000000,"maxLength":0,"regex":null,"allowSpaces":false,"sizeValue":0,"step":0,"calloutWorkflowName":null},"scope":null,"webserviceListParams":null,"secret":null,"tabularTypeData":null,"collectionList":[]},{"paramName":"cliqrNoOfVolumes","displayName":"Number of Volumes","helpText":"Number of persistent data storage volumes for OS Service.","type":"number","valueList":null,"defaultValue":"0","confirmValue":"0","pathSuffixValue":"","userVisible":true,"userEditable":true,"systemParam":true,"exampleValue":null,"dataUnit":null,"optional":true,"deploymentParam":false,"multiselectSupported":false,"useDefault":true,"valueConstraint":{"minValue":0,"maxValue":65536,"maxLength":0,"regex":null,"allowSpaces":false,"sizeValue":5,"step":1,"calloutWorkflowName":null},"scope":null,"webserviceListParams":null,"secret":null,"tabularTypeData":null,"collectionList":[]},{"paramName":"cliqrDBDataStorageSize","displayName":"Default Volume Size","helpText":"Persistent data storage for OS Service.","type":"number","valueList":null,"defaultValue":"0","confirmValue":"0","pathSuffixValue":"","userVisible":true,"userEditable":true,"systemParam":true,"exampleValue":null,"dataUnit":"GB","optional":true,"deploymentParam":false,"multiselectSupported":false,"useDefault":true,"valueConstraint":{"minValue":0,"maxValue":65536,"maxLength":0,"regex":null,"allowSpaces":false,"sizeValue":5,"step":5,"calloutWorkflowName":null},"scope":null,"webserviceListParams":null,"secret":null,"tabularTypeData":null,"collectionList":[]},{"paramName":"cliqrCentOSPreStartAction","displayName":null,"helpText":null,"type":"path","valueList":null,"defaultValue":"","confirmValue":"","pathSuffixValue":"","userVisible":true,"userEditable":true,"systemParam":true,"exampleValue":null,"dataUnit":null,"optional":false,"deploymentParam":false,"multiselectSupported":false,"useDefault":true,"valueConstraint":null,"scope":null,"webserviceListParams":null,"secret":null,"tabularTypeData":null,"collectionList":[]},{"paramName":"cliqrCentOSPostStartAction","displayName":null,"helpText":null,"type":"path","valueList":null,"defaultValue":"","confirmValue":"","pathSuffixValue":"","userVisible":true,"userEditable":true,"systemParam":true,"exampleValue":null,"dataUnit":null,"optional":false,"deploymentParam":false,"multiselectSupported":false,"useDefault":true,"valueConstraint":null,"scope":null,"webserviceListParams":null,"secret":null,"tabularTypeData":null,"collectionList":[]},{"paramName":"cliqrCentOSPreStopAction","displayName":null,"helpText":null,"type":"path","valueList":null,"defaultValue":"","confirmValue":"","pathSuffixValue":"","userVisible":true,"userEditable":true,"systemParam":true,"exampleValue":null,"dataUnit":null,"optional":false,"deploymentParam":false,"multiselectSupported":false,"useDefault":true,"valueConstraint":null,"scope":null,"webserviceListParams":null,"secret":null,"tabularTypeData":null,"collectionList":[]},{"paramName":"cliqrCentOSPostStopAction","displayName":null,"helpText":null,"type":"path","valueList":null,"defaultValue":"","confirmValue":"","pathSuffixValue":"","userVisible":true,"userEditable":true,"systemParam":true,"exampleValue":null,"dataUnit":null,"optional":false,"deploymentParam":false,"multiselectSupported":false,"useDefault":true,"valueConstraint":null,"scope":null,"webserviceListParams":null,"secret":null,"tabularTypeData":null,"collectionList":[]},{"paramName":"cliqrExternalPreStartAction","displayName":null,"helpText":null,"type":"path","valueList":null,"defaultValue":"","confirmValue":"","pathSuffixValue":"","userVisible":true,"userEditable":true,"systemParam":true,"exampleValue":null,"dataUnit":null,"optional":false,"deploymentParam":false,"multiselectSupported":false,"useDefault":true,"valueConstraint":null,"scope":null,"webserviceListParams":null,"secret":null,"tabularTypeData":null,"collectionList":[]},{"paramName":"cliqrExternalPreInitAction","displayName":null,"helpText":null,"type":"path","valueList":null,"defaultValue":"","confirmValue":"","pathSuffixValue":"","userVisible":true,"userEditable":true,"systemParam":true,"exampleValue":null,"dataUnit":null,"optional":false,"deploymentParam":false,"multiselectSupported":false,"useDefault":true,"valueConstraint":null,"scope":null,"webserviceListParams":null,"secret":null,"tabularTypeData":null,"collectionList":[]},{"paramName":"cliqrExternalPostStartAction","displayName":null,"helpText":null,"type":"path","valueList":null,"defaultValue":"","confirmValue":"","pathSuffixValue":"","userVisible":true,"userEditable":true,"systemParam":true,"exampleValue":null,"dataUnit":null,"optional":false,"deploymentParam":false,"multiselectSupported":false,"useDefault":true,"valueConstraint":null,"scope":null,"webserviceListParams":null,"secret":null,"tabularTypeData":null,"collectionList":[]},{"paramName":"cliqrExternalPreStopAction","displayName":null,"helpText":null,"type":"path","valueList":null,"defaultValue":"","confirmValue":"","pathSuffixValue":"","userVisible":true,"userEditable":true,"systemParam":true,"exampleValue":null,"dataUnit":null,"optional":false,"deploymentParam":false,"multiselectSupported":false,"useDefault":true,"valueConstraint":null,"scope":null,"webserviceListParams":null,"secret":null,"tabularTypeData":null,"collectionList":[]},{"paramName":"cliqrExternalPostStopAction","displayName":null,"helpText":null,"type":"path","valueList":null,"defaultValue":"","confirmValue":"","pathSuffixValue":"","userVisible":true,"userEditable":true,"systemParam":true,"exampleValue":null,"dataUnit":null,"optional":false,"deploymentParam":false,"multiselectSupported":false,"useDefault":true,"valueConstraint":null,"scope":null,"webserviceListParams":null,"secret":null,"tabularTypeData":null,"collectionList":[]},{"paramName":"suspendScript","displayName":null,"helpText":null,"type":"path","valueList":null,"defaultValue":"","confirmValue":"","pathSuffixValue":"","userVisible":true,"userEditable":true,"systemParam":true,"exampleValue":null,"dataUnit":null,"optional":false,"deploymentParam":false,"multiselectSupported":false,"useDefault":true,"valueConstraint":null,"scope":null,"webserviceListParams":null,"secret":null,"tabularTypeData":null,"collectionList":[]},{"paramName":"resumeScript","displayName":null,"helpText":null,"type":"path","valueList":null,"defaultValue":"","confirmValue":"","pathSuffixValue":"","userVisible":true,"userEditable":true,"systemParam":true,"exampleValue":null,"dataUnit":null,"optional":false,"deploymentParam":false,"multiselectSupported":false,"useDefault":true,"valueConstraint":null,"scope":null,"webserviceListParams":null,"secret":null,"tabularTypeData":null,"collectionList":[]},{"paramName":"topTier","displayName":"topTier","helpText":null,"type":"boolean","valueList":null,"defaultValue":"true","confirmValue":"true","pathSuffixValue":"","userVisible":false,"userEditable":false,"systemParam":true,"exampleValue":null,"dataUnit":null,"optional":false,"deploymentParam":false,"multiselectSupported":false,"useDefault":true,"valueConstraint":null,"scope":null,"webserviceListParams":null,"secret":null,"tabularTypeData":null,"collectionList":[]}],"envvarSpecs":[],"agentTasks":[],"childAppTemplates":[],"categories":[],"metadataTags":[],"systemTags":[],"containerNetworkServices":[],"appServices":[]},{"id":"74","resource":null,"name":"MasterNode","description":null,"version":"1.0","importVersion":"4.7","revisionId":0,"sourceTemplateId":0,"sourceTemplateName":null,"sourceAppId":0,"parentVersion":null,"executorBeanName":"ChildTierAppExecutor","owner":null,"hwProfile":{"memorySize":1024,"numOfCPUs":1,"networkSpeed":null,"numOfNICs":1,"cpuUnit":"VIRTUAL_CPU","localStorageCount":0,"localStorageSize":0,"cudaSupport":false,"ssdSupport":false,"supportHardwareProvision":false},"swProfile":{"osName":"Linux","support32Bit":false,"support64Bit":true,"support32On64":false},"nodeInitSpec":{"depPkgs":"","initScript":"%PACKAGE_DIR%master.sh","cleanupScript":"","licServer":null,"licPort":0,"sudoCmdList":"ALL"},"firewall":{"name":"cliqr-firewall-1B869A56F9E5D5850F54DFE3F99B945F","description":"Cliqr user firewall","rules":[{"protocol":"tcp","fromPort":2181,"toPort":2181,"sourceIPRanges":["0.0.0.0/0"],"sourceGroups":[]},{"protocol":"tcp","fromPort":2888,"toPort":2888,"sourceIPRanges":["0.0.0.0/0"],"sourceGroups":[]},{"protocol":"tcp","fromPort":3888,"toPort":3888,"sourceIPRanges":["0.0.0.0/0"],"sourceGroups":[]},{"protocol":"tcp","fromPort":8080,"toPort":8080,"sourceIPRanges":["0.0.0.0/0"],"sourceGroups":[]},{"protocol":"tcp","fromPort":5050,"toPort":5051,"sourceIPRanges":["0.0.0.0/0"],"sourceGroups":[]}]},"migrationSpec":{"backupScript":"","restoreScript":"","backupLocation":"","preMigrateScript":"","postMigrateScript":""},"upgradeSpec":{"upgradeScript":"","rollbackScript":"","preUpgradeScript":"","postUpgradeScript":"","start":false,"stop":false},"nodeReusable":true,"leafLevel":true,"interactiveApp":false,"defaultApp":true,"applicationType":"defaultApp","templateType":"APPLICATION","statusDefId":0,"tags":"","nodeCombination":null,"imageName":"CentOS 6.x","internalImageName":"CloudWorker-CentOS6.x","helpLink":null,"numNodes":0,"dynamicScalable":false,"serviceName":"CentOS","topologyParamText":"{\"x\":\"40\",\"y\":\"280\"}","logoPath":null,"appTemplate":null,"templateDependencies":[],"appParamSpecs":[{"paramName":"cliqrOsServiceType","displayName":null,"helpText":null,"type":"string","valueList":null,"defaultValue":"CentOS","confirmValue":"CentOS","pathSuffixValue":"","userVisible":false,"userEditable":false,"systemParam":true,"exampleValue":null,"dataUnit":null,"optional":false,"deploymentParam":false,"multiselectSupported":false,"useDefault":true,"valueConstraint":null,"scope":null,"webserviceListParams":null,"secret":null,"tabularTypeData":null,"collectionList":[]},{"paramName":"tierOrder","displayName":null,"helpText":null,"type":"integer","valueList":null,"defaultValue":"1","confirmValue":"1","pathSuffixValue":"","userVisible":false,"userEditable":false,"systemParam":true,"exampleValue":null,"dataUnit":null,"optional":false,"deploymentParam":false,"multiselectSupported":false,"useDefault":true,"valueConstraint":null,"scope":null,"webserviceListParams":null,"secret":null,"tabularTypeData":null,"collectionList":[]},{"paramName":"minClusterSize","displayName":"Minimum number of nodes","helpText":null,"type":"number","valueList":null,"defaultValue":"3","confirmValue":"3","pathSuffixValue":"","userVisible":true,"userEditable":true,"systemParam":true,"exampleValue":null,"dataUnit":null,"optional":false,"deploymentParam":false,"multiselectSupported":false,"useDefault":true,"valueConstraint":{"minValue":1,"maxValue":2000000000,"maxLength":0,"regex":null,"allowSpaces":false,"sizeValue":0,"step":0,"calloutWorkflowName":null},"scope":null,"webserviceListParams":null,"secret":null,"tabularTypeData":null,"collectionList":[]},{"paramName":"maxClusterSize","displayName":"Maximum number of nodes","helpText":null,"type":"number","valueList":null,"defaultValue":"3","confirmValue":"3","pathSuffixValue":"","userVisible":true,"userEditable":true,"systemParam":true,"exampleValue":null,"dataUnit":null,"optional":false,"deploymentParam":false,"multiselectSupported":false,"useDefault":true,"valueConstraint":{"minValue":1,"maxValue":2000000000,"maxLength":0,"regex":null,"allowSpaces":false,"sizeValue":0,"step":0,"calloutWorkflowName":null},"scope":null,"webserviceListParams":null,"secret":null,"tabularTypeData":null,"collectionList":[]},{"paramName":"cliqrNoOfVolumes","displayName":"Number of Volumes","helpText":"Number of persistent data storage volumes for OS Service.","type":"number","valueList":null,"defaultValue":"0","confirmValue":"0","pathSuffixValue":"","userVisible":true,"userEditable":true,"systemParam":true,"exampleValue":null,"dataUnit":null,"optional":true,"deploymentParam":false,"multiselectSupported":false,"useDefault":true,"valueConstraint":{"minValue":0,"maxValue":65536,"maxLength":0,"regex":null,"allowSpaces":false,"sizeValue":5,"step":1,"calloutWorkflowName":null},"scope":null,"webserviceListParams":null,"secret":null,"tabularTypeData":null,"collectionList":[]},{"paramName":"cliqrDBDataStorageSize","displayName":"Default Volume Size","helpText":"Persistent data storage for OS Service.","type":"number","valueList":null,"defaultValue":"0","confirmValue":"0","pathSuffixValue":"","userVisible":true,"userEditable":true,"systemParam":true,"exampleValue":null,"dataUnit":"GB","optional":true,"deploymentParam":false,"multiselectSupported":false,"useDefault":true,"valueConstraint":{"minValue":0,"maxValue":65536,"maxLength":0,"regex":null,"allowSpaces":false,"sizeValue":5,"step":5,"calloutWorkflowName":null},"scope":null,"webserviceListParams":null,"secret":null,"tabularTypeData":null,"collectionList":[]},{"paramName":"cliqrCentOSPreStartAction","displayName":null,"helpText":null,"type":"path","valueList":null,"defaultValue":"","confirmValue":"","pathSuffixValue":"","userVisible":true,"userEditable":true,"systemParam":true,"exampleValue":null,"dataUnit":null,"optional":false,"deploymentParam":false,"multiselectSupported":false,"useDefault":true,"valueConstraint":null,"scope":null,"webserviceListParams":null,"secret":null,"tabularTypeData":null,"collectionList":[]},{"paramName":"cliqrCentOSPostStartAction","displayName":null,"helpText":null,"type":"path","valueList":null,"defaultValue":"","confirmValue":"","pathSuffixValue":"","userVisible":true,"userEditable":true,"systemParam":true,"exampleValue":null,"dataUnit":null,"optional":false,"deploymentParam":false,"multiselectSupported":false,"useDefault":true,"valueConstraint":null,"scope":null,"webserviceListParams":null,"secret":null,"tabularTypeData":null,"collectionList":[]},{"paramName":"cliqrCentOSPreStopAction","displayName":null,"helpText":null,"type":"path","valueList":null,"defaultValue":"","confirmValue":"","pathSuffixValue":"","userVisible":true,"userEditable":true,"systemParam":true,"exampleValue":null,"dataUnit":null,"optional":false,"deploymentParam":false,"multiselectSupported":false,"useDefault":true,"valueConstraint":null,"scope":null,"webserviceListParams":null,"secret":null,"tabularTypeData":null,"collectionList":[]},{"paramName":"cliqrCentOSPostStopAction","displayName":null,"helpText":null,"type":"path","valueList":null,"defaultValue":"","confirmValue":"","pathSuffixValue":"","userVisible":true,"userEditable":true,"systemParam":true,"exampleValue":null,"dataUnit":null,"optional":false,"deploymentParam":false,"multiselectSupported":false,"useDefault":true,"valueConstraint":null,"scope":null,"webserviceListParams":null,"secret":null,"tabularTypeData":null,"collectionList":[]},{"paramName":"cliqrExternalPreStartAction","displayName":null,"helpText":null,"type":"path","valueList":null,"defaultValue":"","confirmValue":"","pathSuffixValue":"","userVisible":true,"userEditable":true,"systemParam":true,"exampleValue":null,"dataUnit":null,"optional":false,"deploymentParam":false,"multiselectSupported":false,"useDefault":true,"valueConstraint":null,"scope":null,"webserviceListParams":null,"secret":null,"tabularTypeData":null,"collectionList":[]},{"paramName":"cliqrExternalPreInitAction","displayName":null,"helpText":null,"type":"path","valueList":null,"defaultValue":"","confirmValue":"","pathSuffixValue":"","userVisible":true,"userEditable":true,"systemParam":true,"exampleValue":null,"dataUnit":null,"optional":false,"deploymentParam":false,"multiselectSupported":false,"useDefault":true,"valueConstraint":null,"scope":null,"webserviceListParams":null,"secret":null,"tabularTypeData":null,"collectionList":[]},{"paramName":"cliqrExternalPostStartAction","displayName":null,"helpText":null,"type":"path","valueList":null,"defaultValue":"","confirmValue":"","pathSuffixValue":"","userVisible":true,"userEditable":true,"systemParam":true,"exampleValue":null,"dataUnit":null,"optional":false,"deploymentParam":false,"multiselectSupported":false,"useDefault":true,"valueConstraint":null,"scope":null,"webserviceListParams":null,"secret":null,"tabularTypeData":null,"collectionList":[]},{"paramName":"cliqrExternalPreStopAction","displayName":null,"helpText":null,"type":"path","valueList":null,"defaultValue":"","confirmValue":"","pathSuffixValue":"","userVisible":true,"userEditable":true,"systemParam":true,"exampleValue":null,"dataUnit":null,"optional":false,"deploymentParam":false,"multiselectSupported":false,"useDefault":true,"valueConstraint":null,"scope":null,"webserviceListParams":null,"secret":null,"tabularTypeData":null,"collectionList":[]},{"paramName":"cliqrExternalPostStopAction","displayName":null,"helpText":null,"type":"path","valueList":null,"defaultValue":"","confirmValue":"","pathSuffixValue":"","userVisible":true,"userEditable":true,"systemParam":true,"exampleValue":null,"dataUnit":null,"optional":false,"deploymentParam":false,"multiselectSupported":false,"useDefault":true,"valueConstraint":null,"scope":null,"webserviceListParams":null,"secret":null,"tabularTypeData":null,"collectionList":[]},{"paramName":"minClusterSize1","displayName":"Minimum Number of Nodes.","helpText":"","type":"number","valueList":null,"defaultValue":"3","confirmValue":"3","pathSuffixValue":"","userVisible":true,"userEditable":true,"systemParam":false,"exampleValue":null,"dataUnit":null,"optional":false,"deploymentParam":false,"multiselectSupported":false,"useDefault":true,"valueConstraint":{"minValue":0,"maxValue":255,"maxLength":0,"regex":null,"allowSpaces":true,"sizeValue":0,"step":0,"calloutWorkflowName":null},"scope":null,"webserviceListParams":null,"secret":null,"tabularTypeData":null,"collectionList":[]},{"paramName":"suspendScript","displayName":null,"helpText":null,"type":"path","valueList":null,"defaultValue":"","confirmValue":"","pathSuffixValue":"","userVisible":true,"userEditable":true,"systemParam":true,"exampleValue":null,"dataUnit":null,"optional":false,"deploymentParam":false,"multiselectSupported":false,"useDefault":true,"valueConstraint":null,"scope":null,"webserviceListParams":null,"secret":null,"tabularTypeData":null,"collectionList":[]},{"paramName":"resumeScript","displayName":null,"helpText":null,"type":"path","valueList":null,"defaultValue":"","confirmValue":"","pathSuffixValue":"","userVisible":true,"userEditable":true,"systemParam":true,"exampleValue":null,"dataUnit":null,"optional":false,"deploymentParam":false,"multiselectSupported":false,"useDefault":true,"valueConstraint":null,"scope":null,"webserviceListParams":null,"secret":null,"tabularTypeData":null,"collectionList":[]}],"envvarSpecs":[],"agentTasks":[],"childAppTemplates":[],"categories":[],"metadataTags":[],"systemTags":[],"containerNetworkServices":[],"appServices":[]},{"id":"75","resource":null,"name":"SlaveNodes","description":null,"version":"1.0","importVersion":"4.7","revisionId":0,"sourceTemplateId":0,"sourceTemplateName":null,"sourceAppId":0,"parentVersion":null,"executorBeanName":"ChildTierAppExecutor","owner":null,"hwProfile":{"memorySize":1024,"numOfCPUs":1,"networkSpeed":null,"numOfNICs":1,"cpuUnit":"VIRTUAL_CPU","localStorageCount":0,"localStorageSize":0,"cudaSupport":false,"ssdSupport":false,"supportHardwareProvision":false},"swProfile":{"osName":"Linux","support32Bit":false,"support64Bit":true,"support32On64":false},"nodeInitSpec":{"depPkgs":"","initScript":"%PACKAGE_DIR%slave.sh","cleanupScript":"","licServer":null,"licPort":0,"sudoCmdList":"ALL"},"firewall":{"name":"cliqr-firewall-A68CD7861BFDD1B40B83F7BB68CE1D03","description":"Cliqr user firewall","rules":[{"protocol":"tcp","fromPort":80,"toPort":80,"sourceIPRanges":["0.0.0.0/0"],"sourceGroups":[]},{"protocol":"tcp","fromPort":2181,"toPort":2181,"sourceIPRanges":["0.0.0.0/0"],"sourceGroups":[]},{"protocol":"tcp","fromPort":2888,"toPort":2888,"sourceIPRanges":["0.0.0.0/0"],"sourceGroups":[]},{"protocol":"tcp","fromPort":3888,"toPort":3888,"sourceIPRanges":["0.0.0.0/0"],"sourceGroups":[]},{"protocol":"tcp","fromPort":8080,"toPort":8080,"sourceIPRanges":["0.0.0.0/0"],"sourceGroups":[]},{"protocol":"tcp","fromPort":5050,"toPort":5051,"sourceIPRanges":["0.0.0.0/0"],"sourceGroups":[]}]},"migrationSpec":{"backupScript":"","restoreScript":"","backupLocation":"","preMigrateScript":"","postMigrateScript":""},"upgradeSpec":{"upgradeScript":"","rollbackScript":"","preUpgradeScript":"","postUpgradeScript":"","start":false,"stop":false},"nodeReusable":true,"leafLevel":true,"interactiveApp":false,"defaultApp":true,"applicationType":"defaultApp","templateType":"APPLICATION","statusDefId":0,"tags":"","nodeCombination":null,"imageName":"CentOS 6.x","internalImageName":"CloudWorker-CentOS6.x","helpLink":null,"numNodes":0,"dynamicScalable":false,"serviceName":"CentOS","topologyParamText":"{\"x\":\"40\",\"y\":\"150\"}","logoPath":null,"appTemplate":null,"templateDependencies":["MasterNode"],"appParamSpecs":[{"paramName":"cliqrOsServiceType","displayName":null,"helpText":null,"type":"string","valueList":null,"defaultValue":"CentOS","confirmValue":"CentOS","pathSuffixValue":"","userVisible":false,"userEditable":false,"systemParam":true,"exampleValue":null,"dataUnit":null,"optional":false,"deploymentParam":false,"multiselectSupported":false,"useDefault":true,"valueConstraint":null,"scope":null,"webserviceListParams":null,"secret":null,"tabularTypeData":null,"collectionList":[]},{"paramName":"tierOrder","displayName":null,"helpText":null,"type":"integer","valueList":null,"defaultValue":"1","confirmValue":"1","pathSuffixValue":"","userVisible":false,"userEditable":false,"systemParam":true,"exampleValue":null,"dataUnit":null,"optional":false,"deploymentParam":false,"multiselectSupported":false,"useDefault":true,"valueConstraint":null,"scope":null,"webserviceListParams":null,"secret":null,"tabularTypeData":null,"collectionList":[]},{"paramName":"minClusterSize","displayName":"Minimum number of nodes","helpText":null,"type":"number","valueList":null,"defaultValue":"3","confirmValue":"3","pathSuffixValue":"","userVisible":true,"userEditable":true,"systemParam":true,"exampleValue":null,"dataUnit":null,"optional":false,"deploymentParam":false,"multiselectSupported":false,"useDefault":true,"valueConstraint":{"minValue":1,"maxValue":2000000000,"maxLength":0,"regex":null,"allowSpaces":false,"sizeValue":0,"step":0,"calloutWorkflowName":null},"scope":null,"webserviceListParams":null,"secret":null,"tabularTypeData":null,"collectionList":[]},{"paramName":"maxClusterSize","displayName":"Maximum number of nodes","helpText":null,"type":"number","valueList":null,"defaultValue":"10","confirmValue":"10","pathSuffixValue":"","userVisible":true,"userEditable":true,"systemParam":true,"exampleValue":null,"dataUnit":null,"optional":false,"deploymentParam":false,"multiselectSupported":false,"useDefault":true,"valueConstraint":{"minValue":1,"maxValue":2000000000,"maxLength":0,"regex":null,"allowSpaces":false,"sizeValue":0,"step":0,"calloutWorkflowName":null},"scope":null,"webserviceListParams":null,"secret":null,"tabularTypeData":null,"collectionList":[]},{"paramName":"cliqrNoOfVolumes","displayName":"Number of Volumes","helpText":"Number of persistent data storage volumes for OS Service.","type":"number","valueList":null,"defaultValue":"0","confirmValue":"0","pathSuffixValue":"","userVisible":true,"userEditable":true,"systemParam":true,"exampleValue":null,"dataUnit":null,"optional":true,"deploymentParam":false,"multiselectSupported":false,"useDefault":true,"valueConstraint":{"minValue":0,"maxValue":65536,"maxLength":0,"regex":null,"allowSpaces":false,"sizeValue":5,"step":1,"calloutWorkflowName":null},"scope":null,"webserviceListParams":null,"secret":null,"tabularTypeData":null,"collectionList":[]},{"paramName":"cliqrDBDataStorageSize","displayName":"Default Volume Size","helpText":"Persistent data storage for OS Service.","type":"number","valueList":null,"defaultValue":"0","confirmValue":"0","pathSuffixValue":"","userVisible":true,"userEditable":true,"systemParam":true,"exampleValue":null,"dataUnit":"GB","optional":true,"deploymentParam":false,"multiselectSupported":false,"useDefault":true,"valueConstraint":{"minValue":0,"maxValue":65536,"maxLength":0,"regex":null,"allowSpaces":false,"sizeValue":5,"step":5,"calloutWorkflowName":null},"scope":null,"webserviceListParams":null,"secret":null,"tabularTypeData":null,"collectionList":[]},{"paramName":"cliqrCentOSPreStartAction","displayName":null,"helpText":null,"type":"path","valueList":null,"defaultValue":"","confirmValue":"","pathSuffixValue":"","userVisible":true,"userEditable":true,"systemParam":true,"exampleValue":null,"dataUnit":null,"optional":false,"deploymentParam":false,"multiselectSupported":false,"useDefault":true,"valueConstraint":null,"scope":null,"webserviceListParams":null,"secret":null,"tabularTypeData":null,"collectionList":[]},{"paramName":"cliqrCentOSPostStartAction","displayName":null,"helpText":null,"type":"path","valueList":null,"defaultValue":"","confirmValue":"","pathSuffixValue":"","userVisible":true,"userEditable":true,"systemParam":true,"exampleValue":null,"dataUnit":null,"optional":false,"deploymentParam":false,"multiselectSupported":false,"useDefault":true,"valueConstraint":null,"scope":null,"webserviceListParams":null,"secret":null,"tabularTypeData":null,"collectionList":[]},{"paramName":"cliqrCentOSPreStopAction","displayName":null,"helpText":null,"type":"path","valueList":null,"defaultValue":"","confirmValue":"","pathSuffixValue":"","userVisible":true,"userEditable":true,"systemParam":true,"exampleValue":null,"dataUnit":null,"optional":false,"deploymentParam":false,"multiselectSupported":false,"useDefault":true,"valueConstraint":null,"scope":null,"webserviceListParams":null,"secret":null,"tabularTypeData":null,"collectionList":[]},{"paramName":"cliqrCentOSPostStopAction","displayName":null,"helpText":null,"type":"path","valueList":null,"defaultValue":"","confirmValue":"","pathSuffixValue":"","userVisible":true,"userEditable":true,"systemParam":true,"exampleValue":null,"dataUnit":null,"optional":false,"deploymentParam":false,"multiselectSupported":false,"useDefault":true,"valueConstraint":null,"scope":null,"webserviceListParams":null,"secret":null,"tabularTypeData":null,"collectionList":[]},{"paramName":"cliqrExternalPreStartAction","displayName":null,"helpText":null,"type":"path","valueList":null,"defaultValue":"","confirmValue":"","pathSuffixValue":"","userVisible":true,"userEditable":true,"systemParam":true,"exampleValue":null,"dataUnit":null,"optional":false,"deploymentParam":false,"multiselectSupported":false,"useDefault":true,"valueConstraint":null,"scope":null,"webserviceListParams":null,"secret":null,"tabularTypeData":null,"collectionList":[]},{"paramName":"cliqrExternalPreInitAction","displayName":null,"helpText":null,"type":"path","valueList":null,"defaultValue":"","confirmValue":"","pathSuffixValue":"","userVisible":true,"userEditable":true,"systemParam":true,"exampleValue":null,"dataUnit":null,"optional":false,"deploymentParam":false,"multiselectSupported":false,"useDefault":true,"valueConstraint":null,"scope":null,"webserviceListParams":null,"secret":null,"tabularTypeData":null,"collectionList":[]},{"paramName":"cliqrExternalPostStartAction","displayName":null,"helpText":null,"type":"path","valueList":null,"defaultValue":"","confirmValue":"","pathSuffixValue":"","userVisible":true,"userEditable":true,"systemParam":true,"exampleValue":null,"dataUnit":null,"optional":false,"deploymentParam":false,"multiselectSupported":false,"useDefault":true,"valueConstraint":null,"scope":null,"webserviceListParams":null,"secret":null,"tabularTypeData":null,"collectionList":[]},{"paramName":"cliqrExternalPreStopAction","displayName":null,"helpText":null,"type":"path","valueList":null,"defaultValue":"","confirmValue":"","pathSuffixValue":"","userVisible":true,"userEditable":true,"systemParam":true,"exampleValue":null,"dataUnit":null,"optional":false,"deploymentParam":false,"multiselectSupported":false,"useDefault":true,"valueConstraint":null,"scope":null,"webserviceListParams":null,"secret":null,"tabularTypeData":null,"collectionList":[]},{"paramName":"cliqrExternalPostStopAction","displayName":null,"helpText":null,"type":"path","valueList":null,"defaultValue":"","confirmValue":"","pathSuffixValue":"","userVisible":true,"userEditable":true,"systemParam":true,"exampleValue":null,"dataUnit":null,"optional":false,"deploymentParam":false,"multiselectSupported":false,"useDefault":true,"valueConstraint":null,"scope":null,"webserviceListParams":null,"secret":null,"tabularTypeData":null,"collectionList":[]},{"paramName":"minClusterSize1","displayName":"Minimum Number of Nodes.","helpText":"","type":"number","valueList":null,"defaultValue":"3","confirmValue":"3","pathSuffixValue":"","userVisible":true,"userEditable":true,"systemParam":false,"exampleValue":null,"dataUnit":null,"optional":false,"deploymentParam":false,"multiselectSupported":false,"useDefault":true,"valueConstraint":{"minValue":0,"maxValue":255,"maxLength":0,"regex":null,"allowSpaces":true,"sizeValue":0,"step":0,"calloutWorkflowName":null},"scope":null,"webserviceListParams":null,"secret":null,"tabularTypeData":null,"collectionList":[]},{"paramName":"suspendScript","displayName":null,"helpText":null,"type":"path","valueList":null,"defaultValue":"","confirmValue":"","pathSuffixValue":"","userVisible":true,"userEditable":true,"systemParam":true,"exampleValue":null,"dataUnit":null,"optional":false,"deploymentParam":false,"multiselectSupported":false,"useDefault":true,"valueConstraint":null,"scope":null,"webserviceListParams":null,"secret":null,"tabularTypeData":null,"collectionList":[]},{"paramName":"resumeScript","displayName":null,"helpText":null,"type":"path","valueList":null,"defaultValue":"","confirmValue":"","pathSuffixValue":"","userVisible":true,"userEditable":true,"systemParam":true,"exampleValue":null,"dataUnit":null,"optional":false,"deploymentParam":false,"multiselectSupported":false,"useDefault":true,"valueConstraint":null,"scope":null,"webserviceListParams":null,"secret":null,"tabularTypeData":null,"collectionList":[]}],"envvarSpecs":[],"agentTasks":[],"childAppTemplates":[],"categories":[],"metadataTags":[],"systemTags":[],"containerNetworkServices":[],"appServices":[]}],"categories":[],"metadataTags":[{"id":null,"resource":null,"namespace":null,"tagName":"Job_Name","tagCollectionId":null,"value":"%JOB_NAME%","required":false,"editable":false},{"id":null,"resource":null,"namespace":null,"tagName":"App_Name","tagCollectionId":null,"value":"Apache Mesos","required":false,"editable":false}],"systemTags":[],"containerNetworkServices":[],"appServices":[]}