<?xml version="1.0" encoding="UTF-8" standalone="yes"?>
<AppProfileExportImportJaxb xmlns="http://www.cliqr.com/xml/ns/appProfileExportImport">
    <AppProfileList>
        <appProfileInfo topLevelAppName="Magento\u0020(vm)">
            <appProfileInfoPath location="2.0.0.0" extension="json"/>
        </appProfileInfo>
        <appProfileInfo topLevelAppName="WordPress\u0020(vm)">
            <appProfileInfoPath location="4.5" extension="json"/>
            <appProfileInfoPath location="5.5" extension="json"/>
            <appProfileInfoPath location="5.6" extension="json"/>
        </appProfileInfo>
        <appProfileInfo topLevelAppName="Apache\u0020Mesos\u0020(vm)">
            <appProfileInfoPath location="0.22" extension="json"/>
        </appProfileInfo>
        <appProfileInfo topLevelAppName="OpenCart\u0020(vm)">
            <appProfileInfoPath location="1.0" extension="json"/>
            <appProfileInfoPath location="2.0" extension="json"/>
            <appProfileInfoPath location="3.0" extension="json"/>
            <appProfileInfoPath location="4.0" extension="json"/>
            <appProfileInfoPath location="4.1" extension="json"/>
        </appProfileInfo>
        <appProfileInfo topLevelAppName="PetClinic\u0020(vm)">
            <appProfileInfoPath location="1" extension="json"/>
            <appProfileInfoPath location="2" extension="json"/>
            <appProfileInfoPath location="2.1" extension="json"/>
        </appProfileInfo>
    </AppProfileList>
    <ResourceList>
        <resource>
            <type>RemoteRepository</type>
            <RemoteRepository>
                <repositoryName>dcloud-internal</repositoryName>
                <repositoryId>1</repositoryId>
                <appNameList>
                    <appName>WordPress</appName>
                    <appName>PetClinic</appName>
                    <appName>Magento (vm)</appName>
                    <appName>OpenCart</appName>
                    <appName>WordPress (vm)</appName>
                    <appName>OpenCart_CI_CD</appName>
                    <appName>Apache Mesos (vm)</appName>
                    <appName>OpenCart (vm)</appName>
                    <appName>PetClinic (vm)</appName>
                </appNameList>
                <externalLifeCycleAction>false</externalLifeCycleAction>
            </RemoteRepository>
        </resource>
    </ResourceList>
</AppProfileExportImportJaxb>
